x_value,y_value
0.41232198663313802,0.30096493908074107
0.78744235376055582,0.57099142035938644
0.58713783942609821,0.3941183459641549
